,Official Core Consumer Price Index,Energy Price Index,Food Price Index,Headline Consumer Price Index,Producer Price Index
1970-01-01,8.9,5.0,7.8,8.1,8.65
1970-02-01,9.0,4.9,7.9,8.2,8.71
1970-03-01,9.0,5.1,8.0,8.2,8.76
1970-04-01,9.2,5.6,8.1,8.3,8.82
1970-05-01,9.2,6.1,8.2,8.4,8.93
1970-06-01,9.2,5.9,8.2,8.4,8.93
1970-07-01,9.3,6.7,8.2,8.5,9.05
1970-08-01,9.3,6.8,8.1,8.4,9.05
1970-09-01,9.4,7.0,8.2,8.5,9.1
1970-10-01,9.5,7.4,8.2,8.6,9.22
1970-11-01,9.5,7.9,8.3,8.6,9.33
1970-12-01,9.6,7.9,8.4,8.7,9.39
1971-01-01,9.7,8.5,8.6,8.8,9.5
1971-02-01,9.8,8.5,8.6,8.9,9.56
1971-03-01,9.8,8.8,8.7,8.9,9.62
1971-04-01,10.0,9.4,9.0,9.1,9.73
1971-05-01,10.1,9.8,9.1,9.2,9.79
1971-06-01,10.1,10.3,9.2,9.3,9.84
1971-07-01,10.2,10.1,9.2,9.3,9.9
1971-08-01,10.2,10.3,9.2,9.3,9.9
1971-09-01,10.2,9.9,9.2,9.3,9.96
1971-10-01,10.3,9.4,9.2,9.4,9.96
1971-11-01,10.3,9.2,9.4,9.4,9.96
1971-12-01,10.4,9.0,9.5,9.5,9.96
1972-01-01,10.4,8.2,9.6,9.5,10.01
1972-02-01,10.5,8.1,9.6,9.6,10.07
1972-03-01,10.5,7.6,9.7,9.6,10.13
1972-04-01,10.6,6.3,9.6,9.7,10.13
1972-05-01,10.7,6.1,9.7,9.8,10.18
1972-06-01,10.7,6.1,9.9,9.8,10.24
1972-07-01,10.8,5.8,9.9,9.9,10.3
1972-08-01,10.9,6.6,10.1,9.9,10.41
1972-09-01,10.9,7.0,10.1,10.0,10.47
1972-10-01,11.1,7.9,10.1,10.1,10.53
1972-11-01,11.1,7.6,10.2,10.2,10.64
1972-12-01,11.2,7.7,10.3,10.2,10.64
1973-01-01,11.2,7.7,10.5,10.3,10.7
1973-02-01,11.3,7.9,10.7,10.3,10.75
1973-03-01,11.3,8.2,10.9,10.4,10.81
1973-04-01,11.6,9.2,11.2,10.6,10.7
1973-05-01,11.6,9.5,11.3,10.7,10.81
1973-06-01,11.7,9.3,11.4,10.7,10.92
1973-07-01,11.8,9.4,11.4,10.8,11.04
1973-08-01,11.8,8.9,11.4,10.8,11.15
1973-09-01,11.9,9.3,11.6,10.9,11.32
1973-10-01,12.1,9.9,12.0,11.1,11.49
1973-11-01,12.2,10.3,12.1,11.2,11.61
1973-12-01,12.2,10.6,12.3,11.3,11.72
1974-01-01,12.4,12.0,12.6,11.5,12.06
1974-02-01,12.5,13.1,12.8,11.7,12.5
1974-03-01,12.6,13.5,12.9,11.8,12.86
1974-04-01,13.1,15.2,13.1,12.2,13.15
1974-05-01,13.3,15.9,13.3,12.4,13.29
1974-06-01,13.4,16.5,13.4,12.5,13.51
1974-07-01,13.5,17.1,13.4,12.6,13.65
1974-08-01,13.5,16.9,13.5,12.6,13.87
1974-09-01,13.7,17.1,13.7,12.8,14.01
1974-10-01,13.9,17.1,14.0,13.0,14.3
1974-11-01,14.1,18.3,14.4,13.3,14.59
1974-12-01,14.2,19.1,14.5,13.5,14.88
1975-01-01,14.4,19.9,15.0,13.8,15.38
1975-02-01,14.6,19.9,15.3,14.0,15.53
1975-03-01,14.9,21.2,15.8,14.3,15.89
1975-04-01,15.5,21.7,16.5,14.9,16.18
1975-05-01,16.3,25.0,16.7,15.5,16.54
1975-06-01,16.6,26.1,17.1,15.8,16.68
1975-07-01,16.7,26.3,17.2,15.9,16.9
1975-08-01,16.9,26.9,17.2,16.0,16.9
1975-09-01,17.1,26.6,17.4,16.2,17.12
1975-10-01,17.3,25.9,17.5,16.4,17.26
1975-11-01,17.5,25.2,17.9,16.6,17.62
1975-12-01,17.6,24.9,18.2,16.8,17.91
1976-01-01,17.8,23.4,18.7,17.0,18.2
1976-02-01,18.0,22.9,19.2,17.2,18.35
1976-03-01,18.1,21.2,19.4,17.3,18.49
1976-04-01,18.4,18.9,19.7,17.7,18.71
1976-05-01,18.6,15.4,19.8,17.9,18.92
1976-06-01,18.7,13.8,19.8,18.0,19.14
1976-07-01,18.9,12.9,19.5,18.0,19.43
1976-08-01,19.0,13.8,20.1,18.2,19.72
1976-09-01,19.2,14.3,20.7,18.5,19.94
1976-10-01,19.5,14.7,21.3,18.8,20.3
1976-11-01,19.7,15.0,21.7,19.1,20.8
1976-12-01,19.9,15.1,22.1,19.3,20.95
1977-01-01,20.4,16.6,22.9,19.8,21.67
1977-02-01,20.7,16.2,23.1,20.0,21.89
1977-03-01,20.9,16.7,23.4,20.2,22.1
1977-04-01,21.5,17.5,23.7,20.7,22.61
1977-05-01,21.6,17.1,23.8,20.9,22.9
1977-06-01,21.8,17.7,24.3,21.1,23.19
1977-07-01,21.8,17.6,24.1,21.2,23.47
1977-08-01,22.1,16.5,24.2,21.3,23.62
1977-09-01,22.3,15.6,24.4,21.4,23.76
1977-10-01,22.4,14.1,24.4,21.5,23.91
1977-11-01,22.5,13.0,24.5,21.6,23.91
1977-12-01,22.7,12.1,24.7,21.7,24.05
1978-01-01,22.8,9.9,24.8,21.8,24.34
1978-02-01,23.0,9.5,25.0,21.9,24.49
1978-03-01,23.1,9.1,25.1,22.1,24.63
1978-04-01,23.5,7.9,25.5,22.4,24.77
1978-05-01,23.6,7.7,25.7,22.5,24.92
1978-06-01,23.7,7.4,26.1,22.7,25.14
1978-07-01,23.9,7.8,26.1,22.8,25.28
1978-08-01,24.1,8.0,26.1,22.9,25.42
1978-09-01,24.3,7.8,26.2,23.0,25.57
1978-10-01,24.4,7.8,26.2,23.1,25.71
1978-11-01,24.5,8.1,26.4,23.3,25.79
1978-12-01,24.8,8.4,26.7,23.5,25.93
1979-01-01,25.0,9.3,27.5,23.8,26.29
1979-02-01,25.3,9.6,27.6,24.0,26.51
1979-03-01,25.4,9.8,27.8,24.2,26.72
1979-04-01,26.0,10.1,28.1,24.7,27.09
1979-05-01,26.1,10.3,28.4,24.8,27.52
1979-06-01,26.4,11.4,29.1,25.3,27.95
1979-07-01,27.5,15.6,29.5,26.4,28.6
1979-08-01,27.8,15.8,29.6,26.6,28.89
1979-09-01,28.1,16.5,29.9,26.8,29.18
1979-10-01,28.4,17.2,30.2,27.1,29.4
1979-11-01,28.6,17.4,30.5,27.4,29.61
1979-12-01,28.8,17.2,30.8,27.6,29.9
1980-01-01,29.6,18.4,31.4,28.2,30.7
1980-02-01,30.1,19.1,31.7,28.6,31.28
1980-03-01,30.5,19.8,32.3,29.0,31.71
1980-04-01,31.7,21.8,32.7,30.0,32.14
1980-05-01,31.9,21.9,33.0,30.3,32.5
1980-06-01,32.0,21.0,33.3,30.6,32.86
1980-07-01,32.3,16.9,33.6,30.8,32.5
1980-08-01,32.4,16.3,33.5,30.9,33.3
1980-09-01,32.7,15.9,33.6,31.1,33.37
1980-10-01,32.9,15.4,33.6,31.3,33.59
1980-11-01,33.2,15.3,33.7,31.5,33.66
1980-12-01,33.3,15.1,34.0,31.7,33.8
1981-01-01,33.4,13.0,34.5,31.9,34.31
1981-02-01,33.7,12.5,34.8,32.2,34.6
1981-03-01,34.0,12.6,35.0,32.7,35.1
1981-04-01,35.3,12.0,35.4,33.6,35.68
1981-05-01,35.4,11.7,35.8,33.8,35.83
1981-06-01,35.4,11.3,36.2,34.0,36.04
1981-07-01,35.6,10.9,36.1,34.2,36.26
1981-08-01,35.8,11.5,35.9,34.4,36.55
1981-09-01,36.0,11.4,36.2,34.6,36.84
1981-10-01,36.4,11.7,36.6,35.0,37.2
1981-11-01,36.8,12.0,36.9,35.3,37.41
1981-12-01,37.1,12.0,37.3,35.5,37.56
1982-01-01,37.2,12.0,38.1,35.7,37.99
1982-02-01,37.2,11.0,38.3,35.8,38.28
1982-03-01,37.5,10.4,38.6,36.1,38.5
1982-04-01,38.4,9.4,38.9,36.8,38.64
1982-05-01,38.5,9.5,39.3,37.1,38.79
1982-06-01,38.5,9.2,39.2,37.2,38.93
1982-07-01,38.6,8.7,38.7,37.2,39.29
1982-08-01,38.7,8.0,38.3,37.2,39.51
1982-09-01,38.7,7.3,38.4,37.2,39.73
1982-10-01,38.8,6.8,38.5,37.3,39.94
1982-11-01,38.9,6.3,38.8,37.5,40.16
1982-12-01,38.7,5.4,39.0,37.5,40.52
1983-01-01,38.7,4.9,39.2,37.5,40.66
1983-02-01,39.0,5.3,39.2,37.7,40.88
1983-03-01,39.1,4.6,39.3,37.7,41.1
1983-04-01,39.7,4.0,39.5,38.3,41.46
1983-05-01,39.9,3.7,39.7,38.4,41.6
1983-06-01,40.0,3.7,40.1,38.5,41.75
1983-07-01,40.2,4.2,40.1,38.7,41.89
1983-08-01,40.4,4.6,40.2,38.9,42.11
1983-09-01,40.6,5.1,40.6,39.1,42.4
1983-10-01,40.7,5.0,40.9,39.2,42.33
1983-11-01,40.8,4.8,41.1,39.3,42.25
1983-12-01,40.9,5.3,41.4,39.5,42.4
1984-01-01,40.8,5.1,41.6,39.4,42.76
1984-02-01,41.0,5.1,41.8,39.6,43.05
1984-03-01,41.1,5.2,42.1,39.7,43.41
1984-04-01,41.8,5.2,42.5,40.2,43.84
1984-05-01,41.9,5.1,42.8,40.4,44.06
1984-06-01,42.0,5.1,43.0,40.5,44.06
1984-07-01,42.0,4.5,42.8,40.5,44.28
1984-08-01,42.6,5.0,42.6,40.8,44.42
1984-09-01,42.8,4.7,42.4,40.9,44.71
1984-10-01,43.0,5.0,42.6,41.2,45.14
1984-11-01,43.2,4.9,42.7,41.3,45.29
1984-12-01,43.1,4.6,42.8,41.3,45.58
1985-01-01,43.2,5.0,43.4,41.4,46.01
1985-02-01,43.6,5.4,43.7,41.7,46.52
1985-03-01,43.9,6.1,44.0,42.1,47.02
1985-04-01,45.0,6.9,44.5,43.0,46.95
1985-05-01,45.2,7.0,44.6,43.2,46.95
1985-06-01,45.3,7.0,44.7,43.3,46.95
1985-07-01,45.3,6.9,44.0,43.2,47.09
1985-08-01,45.5,6.2,44.1,43.4,47.09
1985-09-01,45.5,5.9,44.1,43.3,47.38
1985-10-01,45.7,5.4,44.0,43.4,47.31
1985-11-01,45.8,5.4,44.3,43.5,47.17
1985-12-01,45.8,5.6,44.5,43.6,47.17
1986-01-01,45.9,5.5,44.8,43.7,47.45
1986-02-01,46.2,5.1,45.2,43.9,47.45
1986-03-01,46.3,4.2,45.3,43.9,47.45
1986-04-01,46.9,3.1,45.7,44.4,47.6
1986-05-01,47.1,2.7,45.9,44.4,47.38
1986-06-01,47.0,2.5,46.2,44.4,47.45
1986-07-01,46.9,2.4,45.7,44.3,47.38
1986-08-01,47.1,2.4,45.8,44.4,47.45
1986-09-01,47.3,3.0,45.8,44.6,47.67
1986-10-01,47.5,3.0,45.7,44.7,47.82
1986-11-01,48.0,3.5,45.7,45.1,47.96
1986-12-01,48.1,3.8,46.0,45.2,48.03
1987-01-01,48.2,4.0,46.6,45.4,48.54
1987-02-01,48.4,3.9,46.9,45.6,48.68
1987-03-01,48.5,4.0,46.9,45.7,48.83
1987-04-01,49.2,4.2,47.3,46.2,48.97
1987-05-01,49.2,4.2,47.6,46.3,49.12
1987-06-01,49.3,4.2,47.3,46.3,49.12
1987-07-01,49.3,4.4,46.7,46.2,49.26
1987-08-01,49.5,4.4,46.9,46.4,49.33
1987-09-01,49.7,4.2,46.7,46.5,49.48
1987-10-01,50.0,4.5,47.1,46.7,49.69
1987-11-01,50.2,4.1,47.3,46.9,49.77
1987-12-01,50.1,3.7,47.7,46.9,49.91
1988-01-01,50.1,3.3,47.9,46.9,50.13
1988-02-01,50.3,3.1,48.2,47.0,50.27
1988-03-01,50.5,3.3,48.3,47.2,50.34
1988-04-01,51.5,3.4,48.6,47.8,50.7
1988-05-01,51.6,3.8,48.7,48.0,50.92
1988-06-01,51.8,4.2,48.8,48.2,50.99
1988-07-01,51.9,4.3,48.4,48.2,51.28
1988-08-01,52.6,4.6,48.6,48.5,51.35
1988-09-01,52.9,4.8,48.8,48.7,51.43
1988-10-01,53.6,4.9,48.8,49.0,51.57
1988-11-01,53.8,5.0,49.2,49.3,51.64
1988-12-01,53.9,5.1,49.5,49.3,51.79
1989-01-01,54.3,5.7,50.0,49.5,52.29
1989-02-01,54.7,5.8,50.1,49.7,52.44
1989-03-01,54.9,5.9,50.4,50.0,52.73
1989-04-01,55.9,5.6,51.0,50.5,53.02
1989-05-01,56.2,5.9,51.3,50.9,53.38
1989-06-01,56.3,5.8,51.4,51.0,53.45
1989-07-01,56.5,5.7,51.1,51.0,53.52
1989-08-01,56.7,5.5,51.3,51.1,53.67
1989-09-01,57.1,5.7,51.7,51.5,54.03
1989-10-01,57.5,5.8,52.3,51.9,54.32
1989-11-01,58.0,5.7,52.8,52.1,54.32
1989-12-01,58.2,5.8,53.2,52.2,54.53
1990-01-01,58.4,5.9,54.0,52.4,55.11
1990-02-01,58.8,6.3,54.4,52.9,55.26
1990-03-01,59.5,6.2,54.7,53.1,55.62
1990-04-01,61.4,7.7,55.2,54.4,56.34
1990-05-01,61.9,8.2,55.9,55.0,56.63
1990-06-01,62.2,8.2,55.9,55.2,56.7
1990-07-01,62.4,8.2,55.2,55.2,56.7
1990-08-01,62.8,8.9,55.8,55.7,57.21
1990-09-01,63.3,9.2,56.0,56.2,57.78
1990-10-01,63.8,9.2,56.0,56.7,58.22
1990-11-01,63.7,9.2,56.4,56.9,58.14
1990-12-01,63.7,9.2,56.8,57.0,58.07
1991-01-01,63.9,8.6,57.2,57.0,58.72
1991-02-01,64.3,8.2,57.9,57.2,58.8
1991-03-01,64.6,8.3,57.9,57.5,59.02
1991-04-01,65.2,8.0,58.6,58.7,59.77
1991-05-01,65.3,7.5,58.5,59.2,60.08
1991-06-01,65.5,7.7,59.1,59.5,60.0
1991-07-01,65.4,7.5,58.3,59.3,60.15
1991-08-01,65.5,7.5,58.9,59.9,60.15
1991-09-01,66.0,6.9,58.4,60.1,60.23
1991-10-01,66.2,6.5,58.5,60.4,60.38
1991-11-01,66.4,6.5,59.0,60.5,60.53
1991-12-01,66.5,6.5,59.2,60.7,60.38
1992-01-01,66.5,6.2,59.7,60.5,60.68
1992-02-01,66.8,6.3,60.1,60.8,60.9
1992-03-01,67.0,6.2,60.3,61.1,61.35
1992-04-01,68.2,5.2,60.0,61.8,61.65
1992-05-01,68.4,5.1,60.2,62.2,61.8
1992-06-01,68.5,4.6,60.0,62.2,61.88
1992-07-01,68.3,4.5,59.2,62.0,61.88
1992-08-01,68.4,3.7,59.4,62.1,61.8
1992-09-01,68.8,3.7,59.2,62.3,61.8
1992-10-01,69.0,3.5,59.4,62.5,62.11
1992-11-01,68.8,3.3,59.3,62.5,62.33
1992-12-01,68.4,3.2,59.7,62.6,62.41
1993-01-01,67.6,3.0,59.9,62.4,62.78
1993-02-01,68.0,3.1,60.6,62.7,63.16
1993-03-01,68.2,3.2,61.1,63.0,63.61
1993-04-01,68.9,2.6,60.8,63.4,64.14
1993-05-01,69.1,2.3,61.5,63.6,64.29
1993-06-01,69.1,2.2,61.1,63.6,64.36
1993-07-01,69.0,2.3,61.1,63.4,64.44
1993-08-01,69.4,2.6,61.1,63.7,64.51
1993-09-01,69.8,2.7,60.9,64.0,64.51
1993-10-01,69.8,2.4,60.3,64.0,64.59
1993-11-01,69.8,2.1,59.9,63.8,64.59
1993-12-01,69.8,2.3,60.1,64.0,64.96
1994-01-01,69.4,2.6,60.4,64.0,65.11
1994-02-01,69.9,2.4,60.7,64.2,65.19
1994-03-01,70.1,2.2,61.1,64.4,65.26
1994-04-01,70.8,2.4,61.3,64.9,65.49
1994-05-01,71.0,2.4,61.8,65.1,65.71
1994-06-01,71.0,2.3,61.8,65.1,65.71
1994-07-01,70.6,2.1,61.4,64.7,65.79
1994-08-01,70.9,2.2,61.6,65.1,65.94
1994-09-01,71.2,1.9,61.0,65.2,66.02
1994-10-01,71.4,1.8,60.9,65.1,66.09
1994-11-01,71.5,2.1,61.1,65.2,66.24
1994-12-01,71.7,2.2,61.6,65.5,66.62
1995-01-01,71.5,2.4,62.2,65.5,67.44
1995-02-01,72.0,2.3,62.5,65.7,67.59
1995-03-01,72.3,2.4,62.9,66.0,67.82
1995-04-01,73.2,2.3,62.9,66.4,68.12
1995-05-01,73.3,2.6,63.9,66.7,68.35
1995-06-01,73.6,2.7,63.7,66.8,68.42
1995-07-01,73.2,2.8,63.2,66.6,68.57
1995-08-01,73.5,2.7,64.2,66.9,68.72
1995-09-01,73.9,3.0,64.4,67.2,68.8
1995-10-01,73.6,3.0,63.6,67.1,68.87
1995-11-01,73.6,2.9,63.7,67.1,68.8
1995-12-01,73.8,3.1,64.3,67.5,69.4
1996-01-01,73.4,2.9,64.7,67.4,69.77
1996-02-01,73.8,3.0,65.4,67.7,69.86
1996-03-01,74.1,3.0,65.9,67.9,70.03
1996-04-01,74.5,2.8,65.9,68.3,70.29
1996-05-01,74.7,2.8,66.3,68.6,70.29
1996-06-01,74.8,2.8,66.3,68.7,70.12
1996-07-01,74.4,2.7,65.3,68.3,70.03
1996-08-01,74.7,2.7,66.2,68.7,70.2
1996-09-01,75.3,2.7,65.5,69.0,70.46
1996-10-01,75.4,3.0,64.9,69.1,70.46
1996-11-01,75.5,3.1,64.5,69.2,70.55
1996-12-01,75.7,2.8,64.7,69.4,70.72
1997-01-01,74.9,2.6,65.1,69.2,70.89
1997-02-01,75.3,2.4,65.0,69.3,70.72
1997-03-01,75.7,2.2,64.6,69.4,70.63
1997-04-01,76.0,2.1,64.8,69.7,70.72
1997-05-01,76.2,2.1,65.3,70.0,70.72
1997-06-01,76.2,2.1,66.0,70.1,70.72
1997-07-01,75.8,2.4,65.6,70.0,70.89
1997-08-01,76.2,2.3,65.8,70.3,71.06
1997-09-01,76.6,2.2,65.6,70.5,71.15
1997-10-01,76.7,2.2,65.7,70.6,71.15
1997-11-01,77.0,2.1,65.4,70.6,71.06
1997-12-01,77.1,1.9,65.4,70.7,71.23
1998-01-01,76.3,1.8,65.3,70.4,71.23
1998-02-01,76.6,1.8,65.3,70.6,70.89
1998-03-01,76.9,1.9,65.2,70.8,70.98
1998-04-01,77.2,2.1,65.4,71.2,71.06
1998-05-01,77.5,2.2,66.3,71.5,71.15
1998-06-01,77.4,1.9,66.1,71.4,71.06
1998-07-01,76.8,1.7,65.9,71.2,70.98
1998-08-01,77.1,1.6,66.7,71.4,70.98
1998-09-01,77.7,1.7,66.4,71.7,70.89
1998-10-01,77.6,1.6,66.5,71.7,70.89
1998-11-01,77.8,1.7,66.4,71.8,70.72
1998-12-01,78.0,1.9,66.9,72.0,70.72
1999-01-01,77.2,2.0,67.1,71.8,70.72
1999-02-01,77.4,1.9,67.2,71.9,70.8
1999-03-01,77.6,2.1,66.7,72.3,71.15
1999-04-01,77.9,2.0,66.4,72.6,71.49
1999-05-01,78.1,1.7,66.8,72.8,71.49
1999-06-01,78.1,1.8,66.4,72.7,71.49
1999-07-01,77.4,1.7,65.8,72.4,71.41
1999-08-01,77.6,1.6,65.6,72.6,71.41
1999-09-01,78.1,1.6,65.5,72.8,71.58
1999-10-01,78.0,1.5,65.4,72.8,71.58
1999-11-01,78.1,1.5,65.7,72.9,71.49
1999-12-01,78.2,1.5,65.8,73.1,71.58
2000-01-01,77.2,1.2,65.7,72.6,71.66
2000-02-01,77.5,1.2,65.7,72.8,71.77
2000-03-01,77.7,1.0,65.2,73.0,71.56
2000-04-01,77.9,0.9,65.0,73.3,70.85
2000-05-01,78.1,1.0,65.7,73.5,70.95
2000-06-01,78.0,1.2,65.9,73.6,71.46
2000-07-01,77.3,1.2,66.4,73.3,71.36
2000-08-01,77.6,1.0,65.9,73.3,71.25
2000-09-01,78.2,1.3,66.1,73.8,71.77
2000-10-01,78.2,1.4,66.0,73.8,71.77
2000-11-01,78.3,1.5,66.4,74.0,72.58
2000-12-01,78.4,1.2,66.6,74.0,72.38
2001-01-01,77.6,1.2,66.7,73.5,72.38
2001-02-01,77.8,1.2,66.8,73.7,72.38
2001-03-01,78.1,1.3,67.7,73.9,71.87
2001-04-01,78.5,1.5,67.9,74.4,71.97
2001-05-01,78.9,1.9,69.7,74.9,71.97
2001-06-01,79.0,1.9,70.1,75.0,71.97
2001-07-01,78.5,1.7,68.7,74.5,71.36
2001-08-01,79.0,2.1,68.5,74.8,71.25
2001-09-01,79.2,1.7,68.4,75.0,71.15
2001-10-01,79.1,1.6,68.6,74.9,71.25
2001-11-01,79.2,1.2,68.4,74.9,71.25
2001-12-01,79.4,1.4,68.8,75.0,71.66
2002-01-01,78.9,1.8,69.3,74.8,71.87
2002-02-01,79.0,1.7,69.3,75.0,71.56
2002-03-01,79.3,1.7,69.5,75.2,71.36
2002-04-01,79.6,1.6,69.3,75.6,71.25
2002-05-01,79.9,1.2,69.1,75.8,70.95
2002-06-01,80.0,1.1,68.7,75.8,70.85
2002-07-01,79.7,1.4,68.6,75.6,70.85
2002-08-01,80.0,1.3,68.5,75.8,70.95
2002-09-01,80.2,1.2,68.6,76.0,71.77
2002-10-01,80.4,1.5,68.7,76.1,71.97
2002-11-01,80.4,1.6,68.7,76.1,71.97
2002-12-01,80.8,1.7,68.7,76.3,71.66
2003-01-01,80.1,1.4,68.6,75.9,71.56
2003-02-01,80.3,1.6,69.1,76.1,72.07
2003-03-01,80.5,1.6,69.4,76.4,72.28
2003-04-01,80.8,1.5,69.6,76.8,71.56
2003-05-01,80.9,1.3,70.0,76.8,71.25
2003-06-01,80.8,1.2,69.7,76.7,70.95
2003-07-01,80.7,1.3,69.6,76.6,71.15
2003-08-01,81.0,1.4,69.7,76.8,71.46
2003-09-01,81.2,1.3,70.2,77.0,71.05
2003-10-01,81.3,1.3,70.4,77.1,71.56
2003-11-01,81.3,1.3,70.6,77.1,71.87
2003-12-01,81.5,1.3,70.8,77.3,71.97
2004-01-01,81.0,1.5,70.6,77.0,71.66
2004-02-01,81.2,1.4,70.8,77.2,71.56
2004-03-01,81.3,1.2,70.8,77.3,71.97
2004-04-01,81.6,1.1,70.6,77.6,71.97
2004-05-01,81.8,1.4,70.8,77.9,72.79
2004-06-01,81.8,1.5,70.3,77.9,72.28
2004-07-01,81.6,1.4,69.8,77.7,72.68
2004-08-01,81.8,1.4,69.7,77.9,73.6
2004-09-01,81.9,1.2,69.8,77.9,74.62
2004-10-01,82.0,1.3,70.0,78.1,76.26
2004-11-01,82.1,1.5,70.3,78.3,76.15
2004-12-01,82.6,1.8,70.8,78.6,75.44
2005-01-01,82.0,1.7,70.9,78.3,76.26
2005-02-01,82.1,1.7,71.4,78.5,76.56
2005-03-01,82.4,2.0,72.0,78.8,77.48
2005-04-01,82.7,1.9,71.4,79.1,77.58
2005-05-01,82.9,1.9,71.8,79.4,77.28
2005-06-01,83.0,2.0,71.8,79.4,77.89
2005-07-01,83.1,2.3,71.0,79.5,79.32
2005-08-01,83.3,2.4,71.2,79.7,80.03
2005-09-01,83.3,2.5,71.2,79.9,80.14
2005-10-01,83.4,2.4,71.0,80.0,81.05
2005-11-01,83.5,2.2,71.5,80.0,82.89
2005-12-01,83.8,2.1,71.9,80.3,84.12
2006-01-01,83.4,2.2,71.7,80.0,84.73
2006-02-01,83.6,2.2,72.1,80.2,84.53
2006-03-01,83.8,2.0,71.7,80.4,84.73
2006-04-01,84.1,2.2,71.5,80.9,84.73
2006-05-01,84.2,2.4,72.6,81.3,84.02
2006-06-01,84.4,2.6,73.1,81.5,83.81
2006-07-01,84.3,2.5,73.2,81.5,85.04
2006-08-01,84.6,2.6,73.5,81.8,84.63
2006-09-01,84.8,2.5,73.9,81.9,82.99
2006-10-01,84.9,2.5,74.3,82.0,83.4
2006-11-01,85.1,2.8,75.0,82.2,84.32
2006-12-01,85.5,2.9,75.1,82.6,84.73
2007-01-01,84.9,2.7,74.5,82.1,83.61
2007-02-01,85.2,2.7,75.2,82.4,83.81
2007-03-01,85.5,2.9,75.6,82.8,84.53
2007-04-01,85.8,2.7,75.8,83.1,83.91
2007-05-01,86.0,2.5,76.1,83.3,84.02
2007-06-01,86.2,2.5,76.6,83.5,84.73
2007-07-01,85.9,2.0,75.3,83.1,85.04
2007-08-01,86.3,2.0,75.7,83.4,84.83
2007-09-01,86.3,2.0,76.7,83.5,86.06
2007-10-01,86.5,2.3,77.9,83.8,87.28
2007-11-01,86.6,2.2,78.6,84.1,89.53
2007-12-01,87.0,2.3,79.3,84.5,90.55
2008-01-01,86.4,2.4,79.1,84.1,92.08
2008-02-01,86.6,2.6,79.4,84.6,93.2
2008-03-01,86.9,2.6,79.8,84.9,94.33
2008-04-01,87.3,3.0,80.8,85.6,97.08
2008-05-01,87.6,3.3,82.2,86.1,100.04
2008-06-01,87.9,3.7,83.9,86.6,102.39
2008-07-01,87.8,4.2,84.6,86.6,102.9
2008-08-01,88.2,4.4,85.7,87.1,101.17
2008-09-01,88.3,4.8,85.4,87.5,100.65
2008-10-01,88.3,4.2,85.8,87.3,99.53
2008-11-01,88.5,3.8,87.0,87.3,98.51
2008-12-01,88.3,3.0,87.6,87.1,97.07
2009-01-01,87.8,2.9,87.2,86.6,97.38
2009-02-01,88.2,3.1,88.6,87.2,96.77
2009-03-01,88.5,2.8,88.2,87.3,97.48
2009-04-01,88.8,2.3,87.8,87.5,96.46
2009-05-01,89.1,2.1,88.6,87.9,96.67
2009-06-01,89.2,1.7,88.5,88.1,96.26
2009-07-01,89.2,1.6,88.1,88.0,95.95
2009-08-01,89.6,1.4,87.5,88.3,96.36
2009-09-01,89.6,1.0,86.7,88.3,96.97
2009-10-01,89.6,1.2,87.7,88.4,98.09
2009-11-01,89.7,1.5,88.2,88.6,97.79
2009-12-01,90.0,2.1,89.0,88.9,98.5
2010-01-01,89.6,2.6,88.8,88.8,98.91
2010-02-01,89.9,2.1,89.8,89.0,99.22
2010-03-01,90.2,2.4,90.1,89.4,101.26
2010-04-01,90.6,2.7,90.4,89.9,101.36
2010-05-01,90.8,2.5,90.2,90.1,99.83
2010-06-01,91.0,2.4,90.2,90.2,99.42
2010-07-01,90.8,2.3,91.1,90.0,99.12
2010-08-01,91.3,2.4,91.2,90.4,98.71
2010-09-01,91.3,2.4,91.2,90.4,99.32
2010-10-01,91.4,2.5,91.6,90.6,100.44
2010-11-01,91.6,2.6,93.1,90.9,100.54
2010-12-01,92.1,3.1,94.5,91.7,101.87
2011-01-01,91.9,3.4,94.5,91.8,102.89
2011-02-01,92.4,3.7,95.4,92.3,103.4
2011-03-01,92.7,3.5,94.2,92.6,105.55
2011-04-01,93.4,3.8,94.3,93.3,106.87
2011-05-01,93.4,3.8,95.6,93.5,106.46
2011-06-01,93.3,3.6,96.5,93.5,106.87
2011-07-01,93.3,3.8,96.7,93.5,107.18
2011-08-01,93.8,3.9,96.9,93.9,106.26
2011-09-01,94.0,4.5,97.1,94.5,107.28
2011-10-01,94.1,4.3,96.2,94.5,107.18
2011-11-01,94.2,4.1,96.8,94.7,107.18
2011-12-01,94.6,3.7,98.1,95.0,106.98
2012-01-01,94.1,3.2,97.8,94.7,111.06
2012-02-01,94.5,3.1,99.0,95.2,112.39
2012-03-01,94.8,3.1,98.5,95.4,113.3
2012-04-01,95.2,2.8,98.4,95.9,112.79
2012-05-01,95.3,2.5,98.7,95.9,111.87
2012-06-01,95.1,2.3,98.6,95.6,109.83
2012-07-01,95.2,2.4,98.8,95.7,108.51
2012-08-01,95.6,2.3,99.0,96.1,111.16
2012-09-01,95.8,2.1,99.0,96.4,111.67
2012-10-01,96.3,2.4,99.5,96.8,111.67
2012-11-01,96.4,2.4,100.6,97.0,111.98
2012-12-01,96.6,2.4,101.8,97.3,111.47
2013-01-01,95.9,2.4,101.9,97.0,112.59
2013-02-01,96.4,2.5,102.6,97.5,114.32
2013-03-01,96.8,2.5,102.1,97.8,114.73
2013-04-01,96.9,2.2,102.9,98.0,115.45
2013-05-01,97.2,2.4,102.9,98.2,114.43
2013-06-01,97.1,2.6,102.3,98.0,115.04
2013-07-01,97.0,2.5,102.6,98.0,116.26
2013-08-01,97.3,2.4,103.1,98.4,116.06
2013-09-01,97.7,2.4,103.2,98.7,115.65
2013-10-01,97.8,2.0,103.3,98.8,114.63
2013-11-01,98.0,1.9,103.4,98.8,113.41
2013-12-01,98.1,1.9,103.8,99.2,114.22
2014-01-01,97.4,1.8,103.9,98.7,107.59
2014-02-01,97.9,1.6,104.4,99.1,107.59
2014-03-01,98.2,1.5,103.9,99.3,107.59
2014-04-01,98.7,1.7,103.4,99.6,106.87
2014-05-01,98.7,1.5,102.2,99.6,106.57
2014-06-01,98.9,1.8,102.4,99.8,105.95
2014-07-01,98.6,1.6,102.2,99.6,105.24
2014-08-01,99.1,1.5,102.0,99.9,105.44
2014-09-01,99.2,1.3,101.8,100.0,105.65
2014-10-01,99.4,1.3,101.9,100.1,105.44
2014-11-01,99.3,1.1,101.7,99.9,105.55
2014-12-01,99.5,0.7,102.0,99.9,104.93
2015-01-01,98.9,0.5,101.3,99.2,104.53
2015-02-01,99.3,0.4,101.0,99.5,103.91
2015-03-01,99.4,0.3,100.9,99.6,104.42
2015-04-01,99.7,0.3,100.5,99.9,104.12
2015-05-01,99.9,0.4,100.4,100.1,101.87
2015-06-01,99.9,0.3,100.1,100.1,101.36
2015-07-01,100.0,0.5,99.5,100.0,100.95
2015-08-01,100.3,0.4,99.5,100.3,100.44
2015-09-01,100.4,0.2,99.5,100.2,100.85
2015-10-01,100.6,0.2,99.1,100.3,101.05
2015-11-01,100.7,0.4,99.2,100.3,100.44
2015-12-01,101.0,0.5,99.0,100.4,101.05
2016-01-01,100.3,0.6,98.7,99.9,101.77
2016-02-01,100.6,0.6,98.8,100.1,102.08
2016-03-01,101.1,0.8,98.1,100.4,102.38
2016-04-01,101.2,0.7,98.0,100.6,102.48
2016-05-01,101.4,0.7,97.6,100.8,101.97
2016-06-01,101.5,0.8,97.2,101.0,102.79
2016-07-01,101.5,0.9,96.9,100.9,105.34
2016-08-01,101.8,1.0,97.3,101.2,105.75
2016-09-01,102.1,1.3,97.2,101.5,105.75
2016-10-01,102.2,1.3,96.7,101.6,108.1
2016-11-01,102.4,1.5,97.1,101.8,107.79
2016-12-01,102.8,1.8,97.9,102.2,107.79
2017-01-01,102.1,1.9,98.2,101.8,108.51
2017-02-01,102.7,2.3,99.0,102.4,108.4
2017-03-01,103.0,2.3,99.3,102.7,108.61
2017-04-01,103.6,2.6,99.5,103.2,108.0
2017-05-01,103.9,2.7,99.6,103.5,108.2
2017-06-01,104.0,2.6,99.5,103.5,108.71
2017-07-01,103.9,2.6,99.4,103.5,108.61
2017-08-01,104.5,2.7,99.5,104.0,109.63
2017-09-01,104.7,2.8,100.3,104.3,109.42
2017-10-01,104.7,2.8,100.6,104.4,109.83
2017-11-01,104.9,2.8,101.1,104.7,110.55
2017-12-01,105.2,2.7,101.9,105.0,110.45
2018-01-01,104.5,2.7,101.8,104.5,110.34
2018-02-01,105.0,2.5,101.9,104.9,110.24
2018-03-01,105.2,2.3,102.3,105.1,110.34
2018-04-01,105.6,2.2,102.2,105.5,110.34
2018-05-01,105.9,2.3,101.9,105.9,111.67
2018-06-01,105.8,2.3,101.5,105.9,112.39
2018-07-01,105.8,2.3,101.7,105.9,112.49
2018-08-01,106.5,2.4,101.9,106.5,113.61
2018-09-01,106.5,2.2,101.8,106.6,114.32
2018-10-01,106.6,2.2,101.5,106.7,114.73
2018-11-01,106.8,2.2,101.7,106.9,114.53
2018-12-01,107.1,2.0,102.6,107.1,114.83
2019-01-01,106.4,1.8,102.7,106.4,114.53
2019-02-01,106.9,1.8,103.1,106.8,114.43
2019-03-01,107.0,1.8,103.2,107.0,113.71
2019-04-01,107.5,2.0,102.9,107.6,114.53
2019-05-01,107.7,1.9,103.0,107.9,115.04
2019-06-01,107.7,1.9,103.2,107.9,115.75
2019-07-01,107.8,2.0,103.2,108.0,116.26
2019-08-01,108.1,1.7,103.8,108.3,117.08
2019-09-01,108.3,1.7,103.5,108.4,116.47
2019-10-01,108.4,1.5,102.9,108.3,115.96
2019-11-01,108.6,1.5,103.8,108.5,115.55
2019-12-01,108.6,1.4,104.3,108.5,115.35
2020-01-01,108.2,1.8,104.2,108.3,115.45
2020-02-01,108.6,1.7,104.4,108.6,115.35
2020-03-01,108.8,1.5,104.6,108.6,115.96
2020-04-01,109.0,0.9,104.4,108.6,114.22
2020-05-01,109.1,0.7,105.0,108.6,113.92
2020-06-01,109.3,0.8,104.4,108.8,114.53
2020-07-01,109.7,1.1,104.1,109.2,115.04
2020-08-01,109.2,0.5,104.2,108.8,114.32
2020-09-01,109.8,0.7,103.5,109.2,114.83
2020-10-01,110.0,0.9,103.5,109.2,115.55
2020-11-01,109.9,0.6,103.3,109.1,115.35
2020-12-01,110.2,0.8,102.9,109.4,116.47
2021-01-01,109.8,0.9,103.5,109.3,116.77
2021-02-01,109.9,0.7,103.8,109.4,116.88
2021-03-01,110.2,1.0,103.1,109.7,117.39
2021-04-01,110.6,1.6,103.9,110.4,117.9
2021-05-01,111.3,2.1,103.6,111.0,118.51
2021-06-01,111.8,2.4,103.8,111.4,118.82
2021-07-01,111.8,2.1,103.4,111.4,120.14
2021-08-01,112.4,3.0,104.6,112.1,121.16
2021-09-01,112.8,2.9,104.4,112.4,123.61
2021-10-01,113.4,3.8,104.9,113.4,124.74
2021-11-01,113.9,4.6,105.9,114.1,127.8
2021-12-01,114.4,4.8,107.3,114.7,126.88
2022-01-01,114.2,4.9,108.0,114.6,128.92
2022-02-01,114.9,5.5,109.0,115.4,130.45
2022-03-01,115.8,6.2,109.3,116.5,134.03
2022-04-01,116.6,7.8,110.9,119.0,139.95
2022-05-01,117.1,7.9,112.6,119.7,141.17
2022-06-01,117.6,8.2,114.0,120.5,142.91
2022-07-01,117.9,8.8,116.6,121.2,144.74
2022-08-01,118.7,8.6,118.3,121.8,145.97
2022-09-01,119.3,8.8,119.6,122.3,147.5
2022-10-01,120.0,9.6,122.0,124.3,147.5
2022-11-01,120.4,9.3,123.4,124.8,147.5
2022-12-01,120.4,9.3,123.4,125.3,147.5
